id;name;surname;birthday
1;Samantha;Hodges;1991/06/26
2;Phil;Payne;1970/01/29
3;Sean;Stewart;1951/01/12
4;Jan;Sanderson;1964/12/19
5;Theresa;Gill;1997/10/11
6;Connor;Glover;1994/08/15
7;Justin;McDonald;1996/12/02
8;Jane;Graham;1958/04/07
9;Nathan;Paterson;1999/11/03
10;Lauren;Ball;2005/05/16
11;Irene;Mackay;1994/08/19
12;Joan;Rees;2006/08/15
13;Vanessa;Metcalfe;1988/02/10
14;Ian;Walsh;1957/06/14
15;Ella;Carr;1973/08/05
16;Lisa;Mackenzie;1973/01/02
17;Joan;Edmunds;1979/01/01
18;Julia;Clarkson;1972/12/10
19;Emily;Mackenzie;1956/07/11
20;Penelope;Thomson;1997/09/28
21;Benjamin;Morrison;1954/12/17
22;Alexander;Short;1971/04/07
23;Cameron;Rees;1957/09/12
24;Stewart;Martin;2005/12/24
25;Ian;Bond;1966/10/24
26;Victoria;Randall;1996/02/11
27;Oliver;Young;1955/05/27
28;Sue;Short;1989/05/19
29;Andrew;Hardacre;1983/02/07
30;Katherine;Nolan;1962/06/28
31;Wanda;Grant;1956/08/30
32;Steven;Paige;1956/07/22
33;Grace;Knox;1973/12/11
34;Julian;Jackson;1979/01/13
35;Victor;Anderson;2004/11/04
36;Peter;Kerr;1950/07/26
37;Tim;Mackay;1952/02/24
38;Colin;Reid;2016/03/15
39;Heather;Henderson;2004/11/08
40;Anne;Edmunds;2008/06/30
41;Megan;Black;2014/11/25
42;Robert;Cameron;2014/02/24
43;Alexandra;Brown;1952/10/18
44;Wanda;Hodges;2001/07/09
45;Thomas;Forsyth;1993/03/31
46;Ava;Peake;2013/04/18
47;Leah;Pullman;1977/01/25
48;Katherine;Berry;1984/08/19
49;Colin;Russell;1984/02/11
50;Kevin;Sharp;2001/08/30
51;Trevor;Payne;1960/10/15
52;Connor;Mackenzie;1955/01/03
53;Natalie;Manning;1965/01/01
54;Dylan;Mitchell;2014/12/24
55;Joe;Wallace;1982/06/21
56;Andrea;Arnold;1959/02/15
57;Emma;Arnold;1999/07/21
58;Julia;Rees;2002/01/04
59;Julian;Pullman;1954/12/11
60;Anthony;McGrath;1950/11/24
61;Wanda;McGrath;1961/02/16
62;Faith;Rampling;1995/09/19
63;Jessica;Paterson;1993/11/21
64;Bella;Lewis;1972/10/11
65;Yvonne;Gibson;1975/01/23
66;Keith;Buckland;1953/12/14
67;Mary;Black;1969/09/12
68;Ava;Lawrence;1977/06/16
69;Una;Mackay;1976/02/16
70;Victor;Black;1982/04/25
71;Samantha;Hudson;1971/08/27
72;Angela;Short;2008/12/29
73;Joan;Mills;1957/12/23
74;Lily;King;2003/09/28
75;Piers;Ball;1994/07/13
76;Samantha;Vaughan;1954/02/11
77;Richard;Powell;1983/04/03
78;Jonathan;Oliver;1986/04/11
79;Caroline;Newman;1993/09/20
80;Molly;Watson;1987/08/28
81;Simon;Carr;1950/06/11
82;Nicholas;Dickens;1982/01/18
83;Luke;Watson;1991/06/07
84;Molly;Tucker;1975/09/28
85;Gavin;Mackenzie;1969/06/17
86;Emily;Davies;1994/11/24
87;Anne;Reid;2004/08/22
88;Natalie;Robertson;1984/07/26
89;Joe;North;2010/09/14
90;Steven;Ellison;2001/03/06
91;Jonathan;MacDonald;2009/02/20
92;Alexander;Campbell;1985/11/14
93;Felicity;Johnston;1961/04/16
94;Emma;Mathis;1961/06/05
95;Katherine;Gray;2015/02/20
96;Emma;Rampling;1984/05/08
97;Gordon;Underwood;1990/10/09
98;Jason;Glover;1968/08/30
99;Ryan;Hudson;2016/12/24
100;Harry;Nolan;2016/01/25
